"Part";"Value";"Device";"Package";"Description";"MF";"MPN";"OC_FARNELL";"OC_NEWARK";"PACKAGE";"TOLERANCE";
"C1";"4.7u/25V";"C-EUC0805";"C0805";"CAPACITOR, European symbol";"";"";"";"";"C0805";"";
"C2";"4.7u/25V";"C-EUC0805";"C0805";"CAPACITOR, European symbol";"";"";"";"";"C0805";"";
"C3";"4.7u/25V";"C-EUC0805";"C0805";"CAPACITOR, European symbol";"";"";"";"";"C0805";"";
"C4";"4.7u/25V";"C-EUC0805";"C0805";"CAPACITOR, European symbol";"";"";"";"";"C0805";"";
"C5";"4.7u/25V";"C-EUC0805";"C0805";"CAPACITOR, European symbol";"";"";"";"";"C0805";"";
"C102.1";"1u/25V";"C-EUC0603";"C0603";"CAPACITOR, European symbol";"";"";"";"";"C0603";"";
"C102.2";"1u/25V";"C-EUC0603";"C0603";"CAPACITOR, European symbol";"";"";"";"";"C0603";"";
"C102.3";"1u/25V";"C-EUC0603";"C0603";"CAPACITOR, European symbol";"";"";"";"";"C0603";"";
"C102.4";"1u/25V";"C-EUC0603";"C0603";"CAPACITOR, European symbol";"";"";"";"";"C0603";"";
"C104.1";"1u/25V";"C-EUC0603";"C0603";"CAPACITOR, European symbol";"";"";"";"";"C0603";"";
"C104.2";"1u/25V";"C-EUC0603";"C0603";"CAPACITOR, European symbol";"";"";"";"";"C0603";"";
"C104.3";"1u/25V";"C-EUC0603";"C0603";"CAPACITOR, European symbol";"";"";"";"";"C0603";"";
"C104.4";"1u/25V";"C-EUC0603";"C0603";"CAPACITOR, European symbol";"";"";"";"";"C0603";"";
"C105.1";"10p";"C-EUC0603";"C0603";"CAPACITOR, European symbol";"";"";"";"";"C0603";"";
"C105.2";"10p";"C-EUC0603";"C0603";"CAPACITOR, European symbol";"";"";"";"";"C0603";"";
"C105.3";"10p";"C-EUC0603";"C0603";"CAPACITOR, European symbol";"";"";"";"";"C0603";"";
"C105.4";"10p";"C-EUC0603";"C0603";"CAPACITOR, European symbol";"";"";"";"";"C0603";"";
"C106.1";"330p";"C-EUC0603";"C0603";"CAPACITOR, European symbol";"";"";"";"";"C0603";"";
"C106.2";"330p";"C-EUC0603";"C0603";"CAPACITOR, European symbol";"";"";"";"";"C0603";"";
"C106.3";"330p";"C-EUC0603";"C0603";"CAPACITOR, European symbol";"";"";"";"";"C0603";"";
"C106.4";"330p";"C-EUC0603";"C0603";"CAPACITOR, European symbol";"";"";"";"";"C0603";"";
"C107.1";"DNP";"C-EUC0603";"C0603";"CAPACITOR, European symbol";"";"";"";"";"C0603";"";
"C107.2";"DNP";"C-EUC0603";"C0603";"CAPACITOR, European symbol";"";"";"";"";"C0603";"";
"C107.3";"DNP";"C-EUC0603";"C0603";"CAPACITOR, European symbol";"";"";"";"";"C0603";"";
"C107.4";"DNP";"C-EUC0603";"C0603";"CAPACITOR, European symbol";"";"";"";"";"C0603";"";
"C121";"100n/50V";"C-EUC0603";"C0603";"CAPACITOR, European symbol";"";"";"";"";"C0603";"";
"C122.1";"1u/25V";"C-EUC0603";"C0603";"CAPACITOR, European symbol";"";"";"";"";"C0603";"";
"C123.1";"100n/50V";"C-EUC0603";"C0603";"CAPACITOR, European symbol";"";"";"";"";"C0603";"";
"C152.1";"1u/25V";"C-EUC0603";"C0603";"CAPACITOR, European symbol";"";"";"";"";"C0603";"";
"C152.3";"1u/25V";"C-EUC0603";"C0603";"CAPACITOR, European symbol";"";"";"";"";"C0603";"";
"C153.1";"10n/25V";"C-EUC0603";"C0603";"CAPACITOR, European symbol";"";"";"";"";"C0603";"";
"C153.2";"10n/25V";"C-EUC0603";"C0603";"CAPACITOR, European symbol";"";"";"";"";"C0603";"";
"C153.3";"10n/25V";"C-EUC0603";"C0603";"CAPACITOR, European symbol";"";"";"";"";"C0603";"";
"C153.4";"10n/25V";"C-EUC0603";"C0603";"CAPACITOR, European symbol";"";"";"";"";"C0603";"";
"C301";"100n/50V";"C-EUC0603";"C0603";"CAPACITOR, European symbol";"";"";"";"";"C0603";"";
"C302";"1u/25V";"C-EUC0603";"C0603";"CAPACITOR, European symbol";"";"";"";"";"C0603";"";
"C303";"1u/25V";"C-EUC0603";"C0603";"CAPACITOR, European symbol";"";"";"";"";"C0603";"";
"C304";"1u/25V";"C-EUC0603";"C0603";"CAPACITOR, European symbol";"";"";"";"";"C0603";"";
"C305";"100n/50V";"C-EUC0603";"C0603";"CAPACITOR, European symbol";"";"";"";"";"C0603";"";
"C306";"100n/50V";"C-EUC0603";"C0603";"CAPACITOR, European symbol";"";"";"";"";"C0603";"";
"C307";"100n/50V";"C-EUC0603";"C0603";"CAPACITOR, European symbol";"";"";"";"";"C0603";"";
"C321.1";"100n/50V";"C-EUC0603";"C0603";"CAPACITOR, European symbol";"";"";"";"";"C0603";"";
"C321.2";"100n/50V";"C-EUC0603";"C0603";"CAPACITOR, European symbol";"";"";"";"";"C0603";"";
"C351.1";"1u/25V";"C-EUC0603";"C0603";"CAPACITOR, European symbol";"";"";"";"";"C0603";"";
"C351.2";"1u/25V";"C-EUC0603";"C0603";"CAPACITOR, European symbol";"";"";"";"";"C0603";"";
"C351.3";"1u/25V";"C-EUC0603";"C0603";"CAPACITOR, European symbol";"";"";"";"";"C0603";"";
"C351.4";"1u/25V";"C-EUC0603";"C0603";"CAPACITOR, European symbol";"";"";"";"";"C0603";"";
"C352.1";"1u/25V";"C-EUC0603";"C0603";"CAPACITOR, European symbol";"";"";"";"";"C0603";"";
"C352.2";"1u/25V";"C-EUC0603";"C0603";"CAPACITOR, European symbol";"";"";"";"";"C0603";"";
"C352.3";"1u/25V";"C-EUC0603";"C0603";"CAPACITOR, European symbol";"";"";"";"";"C0603";"";
"C352.4";"1u/25V";"C-EUC0603";"C0603";"CAPACITOR, European symbol";"";"";"";"";"C0603";"";
"C601.1";"100n/50V";"C-EUC0603";"C0603";"CAPACITOR, European symbol";"";"";"";"";"C0603";"";
"C601.2";"100n/50V";"C-EUC0603";"C0603";"CAPACITOR, European symbol";"";"";"";"";"C0603";"";
"C601.3";"100n/50V";"C-EUC0603";"C0603";"CAPACITOR, European symbol";"";"";"";"";"C0603";"";
"C601.4";"100n/50V";"C-EUC0603";"C0603";"CAPACITOR, European symbol";"";"";"";"";"C0603";"";
"C602.1";"10n/50V";"C-EUC0603";"C0603";"CAPACITOR, European symbol";"";"";"";"";"C0603";"";
"C602.2";"10n/50V";"C-EUC0603";"C0603";"CAPACITOR, European symbol";"";"";"";"";"C0603";"";
"C602.3";"10n/50V";"C-EUC0603";"C0603";"CAPACITOR, European symbol";"";"";"";"";"C0603";"";
"C602.4";"10n/50V";"C-EUC0603";"C0603";"CAPACITOR, European symbol";"";"";"";"";"C0603";"";
"D101.1";"SD101";"SD101AWS";"SOD323-R";"";"";"";"";"";"SOD-323";"";
"D101.2";"SD101";"SD101AWS";"SOD323-R";"";"";"";"";"";"SOD-323";"";
"D101.3";"SD101";"SD101AWS";"SOD323-R";"";"";"";"";"";"SOD-323";"";
"D101.4";"SD101";"SD101AWS";"SOD323-R";"";"";"";"";"";"SOD-323";"";
"D151";"MM3Z3V3T1GR";"MM3Z3V3T1GR";"SOD323-R";"";"";"";"";"";"SOD323";"";
"D152";"MM3Z3V3T1GR";"MM3Z3V3T1GR";"SOD323-R";"";"";"";"";"";"SOD323";"";
"D351.1";"SD101";"SD101AWS";"SOD323-R";"";"";"";"";"";"SOD-323";"";
"D351.2";"SD101";"SD101AWS";"SOD323-R";"";"";"";"";"";"SOD-323";"";
"D351.3";"SD101";"SD101AWS";"SOD323-R";"";"";"";"";"";"SOD-323";"";
"D351.4";"SD101";"SD101AWS";"SOD323-R";"";"";"";"";"";"SOD-323";"";
"IC101.1";"LT1167";"LT1167";"SO08";"";"";"";"";"";"SO-8";"";
"IC101.2";"LT1167";"LT1167";"SO08";"";"";"";"";"";"SO-8";"";
"IC101.3";"LT1167";"LT1167";"SO08";"";"";"";"";"";"SO-8";"";
"IC101.4";"LT1167";"LT1167";"SO08";"";"";"";"";"";"SO-8";"";
"IC151.1";"MCP602SN";"MCP602SN";"SO08";"Single Op Amp 2.7V to 6.0V Single Supply CMOS";"";"";"";"";"SO-08";"";
"IC151.3";"MCP602SN";"MCP602SN";"SO08";"Single Op Amp 2.7V to 6.0V Single Supply CMOS";"";"";"";"";"SO-08";"";
"IC301";"AD5664";"AD5664R";"MSOP10";"D/A-Wandler 4 Kanal 16bit SPI-Interface Lieferant: RS-ComponentsArtikelnummer: 709-5960";"";"";"";"";"";"";
"IC302";"LT1004CLP-2.5";"LT1004CLP-2.5";"TO92-";"";"";"";"";"";"TO-92";"";
"IC303";"TL074D";"TL074D";"SO14";"OP AMP";"";"";"";"";"SO-14";"";
"IC351.1";"AD8672ARZ";"OPA2156ID";"SO08";"";"";"";"";"";"SO-08";"";
"IC351.2";"AD8672ARZ";"OPA2156ID";"SO08";"";"";"";"";"";"SO-08";"";
"IC351.3";"AD8672ARZ";"OPA2156ID";"SO08";"";"";"";"";"";"SO-08";"";
"IC351.4";"AD8672ARZ";"OPA2156ID";"SO08";"";"";"";"";"";"SO-08";"";
"IC601.1";"MAX6675ISA";"MAX6675ISA";"SO08";"";"";"";"";"";"SO-8";"";
"IC601.2";"MAX6675ISA";"MAX6675ISA";"SO08";"";"";"";"";"";"SO-8";"";
"IC601.3";"MAX6675ISA";"MAX6675ISA";"SO08";"";"";"";"";"";"SO-8";"";
"IC601.4";"MAX6675ISA";"MAX6675ISA";"SO08";"";"";"";"";"";"SO-8";"";
"JP101.1";"";"JP2QE";"JP2Q";"JUMPER";"";"";"";"";"";"";
"JP101.2";"";"JP2QE";"JP2Q";"JUMPER";"";"";"";"";"";"";
"JP101.3";"";"JP2QE";"JP2Q";"JUMPER";"";"";"";"";"";"";
"JP101.4";"";"JP2QE";"JP2Q";"JUMPER";"";"";"";"";"";"";
"L101.1";"FBMMZ2012S";"FBMMZ2012S";"FB2012";"FERRITE BEAD";"";"";"";"";"2012";"";
"L101.2";"FBMMZ2012S";"FBMMZ2012S";"FB2012";"FERRITE BEAD";"";"";"";"";"2012";"";
"L101.3";"FBMMZ2012S";"FBMMZ2012S";"FB2012";"FERRITE BEAD";"";"";"";"";"2012";"";
"L101.4";"FBMMZ2012S";"FBMMZ2012S";"FB2012";"FERRITE BEAD";"";"";"";"";"2012";"";
"L102.1";"FBMMZ2012S";"FBMMZ2012S";"FB2012";"FERRITE BEAD";"";"";"";"";"2012";"";
"L102.2";"FBMMZ2012S";"FBMMZ2012S";"FB2012";"FERRITE BEAD";"";"";"";"";"2012";"";
"L102.3";"FBMMZ2012S";"FBMMZ2012S";"FB2012";"FERRITE BEAD";"";"";"";"";"2012";"";
"L102.4";"FBMMZ2012S";"FBMMZ2012S";"FB2012";"FERRITE BEAD";"";"";"";"";"2012";"";
"L121";"FBMMZ2012S";"FBMMZ2012S";"FB2012";"FERRITE BEAD";"";"";"";"";"2012";"";
"L301";"FBMMZ2012S";"FBMMZ2012S";"FB2012";"FERRITE BEAD";"";"";"";"";"2012";"";
"L601.1";"FBMMZ2012S";"FBMMZ2012S";"FB2012";"FERRITE BEAD";"";"";"";"";"2012";"";
"L601.2";"FBMMZ2012S";"FBMMZ2012S";"FB2012";"FERRITE BEAD";"";"";"";"";"2012";"";
"L601.3";"FBMMZ2012S";"FBMMZ2012S";"FB2012";"FERRITE BEAD";"";"";"";"";"2012";"";
"L601.4";"FBMMZ2012S";"FBMMZ2012S";"FB2012";"FERRITE BEAD";"";"";"";"";"2012";"";
"L602.1";"FBMMZ2012S";"FBMMZ2012S";"FB2012";"FERRITE BEAD";"";"";"";"";"2012";"";
"L602.2";"FBMMZ2012S";"FBMMZ2012S";"FB2012";"FERRITE BEAD";"";"";"";"";"2012";"";
"L602.3";"FBMMZ2012S";"FBMMZ2012S";"FB2012";"FERRITE BEAD";"";"";"";"";"2012";"";
"L602.4";"FBMMZ2012S";"FBMMZ2012S";"FB2012";"FERRITE BEAD";"";"";"";"";"2012";"";
"LED1";"GREEN";"LEDSML0805";"SML0805";"LED";"";"";"";"";"";"";
"LED2";"RED";"LEDSML0805";"SML0805";"LED";"";"";"";"";"";"";
"LED3";"GREEN";"LEDSML0805";"SML0805";"LED";"";"";"";"";"";"";
"R1";"680";"R-EU_R0603";"R0603";"RESISTOR, European symbol";"";"";"";"";"R0603";"";
"R2";"680";"R-EU_R0603";"R0603";"RESISTOR, European symbol";"";"";"";"";"R0603";"";
"R3";"680";"R-EU_R0603";"R0603";"RESISTOR, European symbol";"";"";"";"";"R0603";"";
"R4";"0R";"R-EU_R0603";"R0603";"RESISTOR, European symbol";"";"";"";"";"R0603";"";
"R5";"DNP";"R-EU_R0603";"R0603";"RESISTOR, European symbol";"";"";"";"";"R0603";"";
"R101.1";"49k9";"R-EU_R0805";"R0805";"RESISTOR, European symbol";"";"";"";"";"R0805";"0.1%";
"R101.2";"49k9";"R-EU_R0805";"R0805";"RESISTOR, European symbol";"";"";"";"";"R0805";"0.1%";
"R101.3";"49k9";"R-EU_R0805";"R0805";"RESISTOR, European symbol";"";"";"";"";"R0805";"0.1%";
"R101.4";"49k9";"R-EU_R0805";"R0805";"RESISTOR, European symbol";"";"";"";"";"R0805";"0.1%";
"R102.1";"1k";"R-EU_R0603";"R0603";"RESISTOR, European symbol";"";"";"";"";"R0603";"";
"R102.2";"1k";"R-EU_R0603";"R0603";"RESISTOR, European symbol";"";"";"";"";"R0603";"";
"R102.3";"1k";"R-EU_R0603";"R0603";"RESISTOR, European symbol";"";"";"";"";"R0603";"";
"R102.4";"1k";"R-EU_R0603";"R0603";"RESISTOR, European symbol";"";"";"";"";"R0603";"";
"R103.1";"0R";"R-EU_R0603";"R0603";"RESISTOR, European symbol";"";"";"";"";"R0603";"";
"R103.2";"0R";"R-EU_R0603";"R0603";"RESISTOR, European symbol";"";"";"";"";"R0603";"";
"R103.3";"0R";"R-EU_R0603";"R0603";"RESISTOR, European symbol";"";"";"";"";"R0603";"";
"R103.4";"0R";"R-EU_R0603";"R0603";"RESISTOR, European symbol";"";"";"";"";"R0603";"";
"R121.1";"10k";"R-EU_R0603";"R0603";"RESISTOR, European symbol";"";"";"";"";"R0603";"";
"R151.1";"24k9";"R-EU_R0603";"R0603";"RESISTOR, European symbol";"";"";"";"";"R0603";"0.1%";
"R151.2";"24k9";"R-EU_R0603";"R0603";"RESISTOR, European symbol";"";"";"";"";"R0603";"0.1%";
"R151.3";"24k9";"R-EU_R0603";"R0603";"RESISTOR, European symbol";"";"";"";"";"R0603";"0.1%";
"R151.4";"24k9";"R-EU_R0603";"R0603";"RESISTOR, European symbol";"";"";"";"";"R0603";"0.1%";
"R152.2";"10k";"R-EU_R0603";"R0603";"RESISTOR, European symbol";"";"";"";"";"R0603";"0.1%";
"R152.3";"10k";"R-EU_R0603";"R0603";"RESISTOR, European symbol";"";"";"";"";"R0603";"0.1%";
"R152.4";"10k";"R-EU_R0603";"R0603";"RESISTOR, European symbol";"";"";"";"";"R0603";"0.1%";
"R153.1";"120";"R-EU_R0603";"R0603";"RESISTOR, European symbol";"";"";"";"";"R0603";"";
"R153.2";"120";"R-EU_R0603";"R0603";"RESISTOR, European symbol";"";"";"";"";"R0603";"";
"R153.3";"120";"R-EU_R0603";"R0603";"RESISTOR, European symbol";"";"";"";"";"R0603";"";
"R153.4";"120";"R-EU_R0603";"R0603";"RESISTOR, European symbol";"";"";"";"";"R0603";"";
"R154A";"100k";"R-EU_R0603";"R0603";"RESISTOR, European symbol";"";"";"";"";"R0603";"0.1%";
"R154B";"100k";"R-EU_R0603";"R0603";"RESISTOR, European symbol";"";"";"";"";"R0603";"0.1%";
"R155A";"15K";"R-EU_R0603";"R0603";"RESISTOR, European symbol";"";"";"";"";"R0603";"0.1%";
"R156B";"DNP";"R-EU_R0603";"R0603";"RESISTOR, European symbol";"";"";"";"";"R0603";"";
"R157";"4k7";"R-EU_R0603";"R0603";"RESISTOR, European symbol";"";"";"";"";"R0603";"";
"R158";"100k";"R-EU_R0603";"R0603";"RESISTOR, European symbol";"";"";"";"";"R0603";"";
"R159";"4k7";"R-EU_R0603";"R0603";"RESISTOR, European symbol";"";"";"";"";"R0603";"";
"R160";"100k";"R-EU_R0603";"R0603";"RESISTOR, European symbol";"";"";"";"";"R0603";"";
"R301";"10k";"R-EU_R0603";"R0603";"RESISTOR, European symbol";"";"";"";"";"R0603";"";
"R302";"1k";"R-EU_R0603";"R0603";"RESISTOR, European symbol";"";"";"";"";"R0603";"";
"R303";"1k";"R-EU_R0603";"R0603";"RESISTOR, European symbol";"";"";"";"";"R0603";"";
"R306";"DNP";"R-EU_R0603";"R0603";"RESISTOR, European symbol";"";"";"";"";"R0603";"";
"R321.1";"10k";"R-EU_R0603";"R0603";"RESISTOR, European symbol";"";"";"";"";"R0603";"0.1%";
"R321.2";"10k";"R-EU_R0603";"R0603";"RESISTOR, European symbol";"";"";"";"";"R0603";"0.1%";
"R322.1";"1k";"R-EU_R0603";"R0603";"RESISTOR, European symbol";"";"";"";"";"R0603";"";
"R322.2";"1k";"R-EU_R0603";"R0603";"RESISTOR, European symbol";"";"";"";"";"R0603";"";
"R326.1";"4k99";"R-EU_R0603";"R0603";"RESISTOR, European symbol";"";"";"";"";"R0603";"0.1%";
"R326.2";"4k99";"R-EU_R0603";"R0603";"RESISTOR, European symbol";"";"";"";"";"R0603";"0.1%";
"R351.1";"10k";"R-EU_R0603";"R0603";"RESISTOR, European symbol";"";"";"";"";"R0603";"0.1%";
"R351.2";"10k";"R-EU_R0603";"R0603";"RESISTOR, European symbol";"";"";"";"";"R0603";"0.1%";
"R351.3";"10k";"R-EU_R0603";"R0603";"RESISTOR, European symbol";"";"";"";"";"R0603";"0.1%";
"R351.4";"10k";"R-EU_R0603";"R0603";"RESISTOR, European symbol";"";"";"";"";"R0603";"0.1%";
"R352.1";"1k";"R-EU_R0603";"R0603";"RESISTOR, European symbol";"";"";"";"";"R0603";"0.1%";
"R352.2";"1k";"R-EU_R0603";"R0603";"RESISTOR, European symbol";"";"";"";"";"R0603";"0.1%";
"R352.3";"1k";"R-EU_R0603";"R0603";"RESISTOR, European symbol";"";"";"";"";"R0603";"0.1%";
"R352.4";"1k";"R-EU_R0603";"R0603";"RESISTOR, European symbol";"";"";"";"";"R0603";"0.1%";
"R353.1";"10k";"R-EU_R0603";"R0603";"RESISTOR, European symbol";"";"";"";"";"R0603";"0.1%";
"R353.2";"10k";"R-EU_R0603";"R0603";"RESISTOR, European symbol";"";"";"";"";"R0603";"0.1%";
"R353.3";"10k";"R-EU_R0603";"R0603";"RESISTOR, European symbol";"";"";"";"";"R0603";"0.1%";
"R353.4";"10k";"R-EU_R0603";"R0603";"RESISTOR, European symbol";"";"";"";"";"R0603";"0.1%";
"R354.1";"1k";"R-EU_R0603";"R0603";"RESISTOR, European symbol";"";"";"";"";"R0603";"0.1%";
"R354.2";"1k";"R-EU_R0603";"R0603";"RESISTOR, European symbol";"";"";"";"";"R0603";"0.1%";
"R354.3";"1k";"R-EU_R0603";"R0603";"RESISTOR, European symbol";"";"";"";"";"R0603";"0.1%";
"R354.4";"1k";"R-EU_R0603";"R0603";"RESISTOR, European symbol";"";"";"";"";"R0603";"0.1%";
"R355.1";"22R";"R-EU_R0805";"R0805";"RESISTOR, European symbol";"";"";"";"";"R0805";"0.1%";
"R355.2";"22R";"R-EU_R0805";"R0805";"RESISTOR, European symbol";"";"";"";"";"R0805";"0.1%";
"R355.3";"22R";"R-EU_R0805";"R0805";"RESISTOR, European symbol";"";"";"";"";"R0805";"0.1%";
"R355.4";"22R";"R-EU_R0805";"R0805";"RESISTOR, European symbol";"";"";"";"";"R0805";"0.1%";
"R601.1";"10k";"R-EU_R0603";"R0603";"RESISTOR, European symbol";"";"";"";"";"R0603";"";
"R601.2";"10k";"R-EU_R0603";"R0603";"RESISTOR, European symbol";"";"";"";"";"R0603";"";
"R601.3";"10k";"R-EU_R0603";"R0603";"RESISTOR, European symbol";"";"";"";"";"R0603";"";
"R601.4";"10k";"R-EU_R0603";"R0603";"RESISTOR, European symbol";"";"";"";"";"R0603";"";
"S1";"";"10-XX";"B3F-10XX";"OMRON SWITCH";"";"B3F-1000";"176432";"36M3542";"";"";
"S11";"";"10-XX";"B3F-10XX";"OMRON SWITCH";"";"B3F-1000";"176432";"36M3542";"";"";
"S351.2";"SS_ESP101";"SS_ESP101";"SS_ESP101";"";"";"";"";"";"";"";
"S351.3";"SS_ESP101";"SS_ESP101";"SS_ESP101";"";"";"";"";"";"";"";
"S351.4";"SS_ESP101";"SS_ESP101";"SS_ESP101";"";"";"";"";"";"";"";
"T151";"BSS138PS";"BSS138PS";"SOT363_PHILIPS";"BSS138PS  Dual N-CH MOSFET 60V, 320mA, 280mW, SOT363";"";"";"";"";"SOT-363";"";
"TP1";"TPC90";"TPC90";"C90";"";"";"";"";"";"";"";
"TP3";"TPC90H30";"TPC90H30";"C90H30";"";"";"";"";"";"";"";
"TP4";"TPC90H30";"TPC90H30";"C90H30";"";"";"";"";"";"";"";
"TP5";"TPC90H30";"TPC90H30";"C90H30";"";"";"";"";"";"";"";
"TP6";"TPC90H30";"TPC90H30";"C90H30";"";"";"";"";"";"";"";
"TP7";"TPC90H30";"TPC90H30";"C90H30";"";"";"";"";"";"";"";
"TP8";"TPC90H30";"TPC90H30";"C90H30";"";"";"";"";"";"";"";
"TP9";"TPC90H30";"TPC90H30";"C90H30";"";"";"";"";"";"";"";
"TP10";"TPC90H30";"TPC90H30";"C90H30";"";"";"";"";"";"";"";
"TP11";"TPC90H30";"TPC90H30";"C90H30";"";"";"";"";"";"";"";
"TP12";"TPC90H30";"TPC90H30";"C90H30";"";"";"";"";"";"";"";
"TP17";"TPC90H30";"TPC90H30";"C90H30";"";"";"";"";"";"";"";
"TP18";"TPC90H30";"TPC90H30";"C90H30";"";"";"";"";"";"";"";
"TP19";"TPC90H30";"TPC90H30";"C90H30";"";"";"";"";"";"";"";
"TP20";"TPC90H30";"TPC90H30";"C90H30";"";"";"";"";"";"";"";
"TP21";"TPC90H30";"TPC90H30";"C90H30";"";"";"";"";"";"";"";
"TP22";"TPC90H30";"TPC90H30";"C90H30";"";"";"";"";"";"";"";
"TP23";"TPC90H30";"TPC90H30";"C90H30";"";"";"";"";"";"";"";
"TP24";"TPC90H30";"TPC90H30";"C90H30";"";"";"";"";"";"";"";
"TP103.1";"TPC90";"TPC90";"C90";"";"";"";"";"";"";"";
"TP103.2";"TPC90";"TPC90";"C90";"";"";"";"";"";"";"";
"TP103.3";"TPC90";"TPC90";"C90";"";"";"";"";"";"";"";
"TP103.4";"TPC90";"TPC90";"C90";"";"";"";"";"";"";"";
"TP104.1";"TPC90";"TPC90";"C90";"";"";"";"";"";"";"";
"TP104.2";"TPC90";"TPC90";"C90";"";"";"";"";"";"";"";
"TP104.3";"TPC90";"TPC90";"C90";"";"";"";"";"";"";"";
"TP104.4";"TPC90";"TPC90";"C90";"";"";"";"";"";"";"";
"TP105.1";"TPC90";"TPC90";"C90";"";"";"";"";"";"";"";
"TP105.2";"TPC90";"TPC90";"C90";"";"";"";"";"";"";"";
"TP105.3";"TPC90";"TPC90";"C90";"";"";"";"";"";"";"";
"TP105.4";"TPC90";"TPC90";"C90";"";"";"";"";"";"";"";
"TP106.1";"TPC90H30";"TPC90H30";"C90H30";"";"";"";"";"";"";"";
"TP106.2";"TPC90H30";"TPC90H30";"C90H30";"";"";"";"";"";"";"";
"TP106.3";"TPC90H30";"TPC90H30";"C90H30";"";"";"";"";"";"";"";
"TP106.4";"TPC90H30";"TPC90H30";"C90H30";"";"";"";"";"";"";"";
"TP107.1";"TPC90";"TPC90";"C90";"";"";"";"";"";"";"";
"TP107.2";"TPC90";"TPC90";"C90";"";"";"";"";"";"";"";
"TP107.3";"TPC90";"TPC90";"C90";"";"";"";"";"";"";"";
"TP107.4";"TPC90";"TPC90";"C90";"";"";"";"";"";"";"";
"TP151.1";"TPC90H30";"TPC90H30";"C90H30";"";"";"";"";"";"";"";
"TP151.2";"TPC90H30";"TPC90H30";"C90H30";"";"";"";"";"";"";"";
"TP151.3";"TPC90H30";"TPC90H30";"C90H30";"";"";"";"";"";"";"";
"TP151.4";"TPC90H30";"TPC90H30";"C90H30";"";"";"";"";"";"";"";
"TP152.1";"TPC90";"TPC90";"C90";"";"";"";"";"";"";"";
"TP152.2";"TPC90";"TPC90";"C90";"";"";"";"";"";"";"";
"TP152.3";"TPC90H30";"TPC90H30";"C90H30";"";"";"";"";"";"";"";
"TP152.4";"TPC90H30";"TPC90H30";"C90H30";"";"";"";"";"";"";"";
"TP153";"TPC90";"TPC90";"C90";"";"";"";"";"";"";"";
"TP153.1";"TPC90H30";"TPC90H30";"C90H30";"";"";"";"";"";"";"";
"TP153.2";"TPC90H30";"TPC90H30";"C90H30";"";"";"";"";"";"";"";
"TP153.3";"TPC90H30";"TPC90H30";"C90H30";"";"";"";"";"";"";"";
"TP153.4";"TPC90H30";"TPC90H30";"C90H30";"";"";"";"";"";"";"";
"TP154";"TPC90";"TPC90";"C90";"";"";"";"";"";"";"";
"TP301";"TPC90";"TPC90";"C90";"";"";"";"";"";"";"";
"TP302";"TPC90";"TPC90";"C90";"";"";"";"";"";"";"";
"TP303";"TPC90H30";"TPC90H30";"C90H30";"";"";"";"";"";"";"";
"TP304";"TPC90";"TPC90";"C90";"";"";"";"";"";"";"";
"TP305";"TPC90H30";"TPC90H30";"C90H30";"";"";"";"";"";"";"";
"TP306";"TPC90";"TPC90";"C90";"";"";"";"";"";"";"";
"TP321.1";"TPC90";"TPC90";"C90";"";"";"";"";"";"";"";
"TP321.2";"TPC90";"TPC90";"C90";"";"";"";"";"";"";"";
"TP322.1";"TPC90";"TPC90";"C90";"";"";"";"";"";"";"";
"TP322.2";"TPC90";"TPC90";"C90";"";"";"";"";"";"";"";
"TP351.1";"TPC90";"TPC90";"C90";"";"";"";"";"";"";"";
"TP351.2";"TPC90";"TPC90";"C90";"";"";"";"";"";"";"";
"TP351.3";"TPC90";"TPC90";"C90";"";"";"";"";"";"";"";
"TP351.4";"TPC90";"TPC90";"C90";"";"";"";"";"";"";"";
"TP352.1";"TPC90";"TPC90";"C90";"";"";"";"";"";"";"";
"TP352.2";"TPC90";"TPC90";"C90";"";"";"";"";"";"";"";
"TP352.3";"TPC90";"TPC90";"C90";"";"";"";"";"";"";"";
"TP352.4";"TPC90";"TPC90";"C90";"";"";"";"";"";"";"";
"TP353.1";"TPC90";"TPC90";"C90";"";"";"";"";"";"";"";
"TP353.2";"TPC90";"TPC90";"C90";"";"";"";"";"";"";"";
"TP353.3";"TPC90";"TPC90";"C90";"";"";"";"";"";"";"";
"TP353.4";"TPC90";"TPC90";"C90";"";"";"";"";"";"";"";
"TP354.2";"TPC90";"TPC90";"C90";"";"";"";"";"";"";"";
"TP354.3";"TPC90";"TPC90";"C90";"";"";"";"";"";"";"";
"TP354.4";"TPC90";"TPC90";"C90";"";"";"";"";"";"";"";
"TP355.1";"TPC90";"TPC90";"C90";"";"";"";"";"";"";"";
"TP355.2";"TPC90";"TPC90";"C90";"";"";"";"";"";"";"";
"TP355.3";"TPC90";"TPC90";"C90";"";"";"";"";"";"";"";
"TP355.4";"TPC90";"TPC90";"C90";"";"";"";"";"";"";"";
"TP9354.1";"TPC90";"TPC90";"C90";"";"";"";"";"";"";"";
"U11";"NUCLEO_F103_BOT";"NUCLEO_F103_BOT";"NUCLEO_BRD64_LOWER";"";"";"";"";"";"";"";
"U121.1";"W25Q128JV";"W25Q80BVSSIG";"SO08W";"";"";"";"";"";"";"";
"X101.1";"BU-SMA-GSPECIAL";"BU-SMA-GSPECIAL";"BU_SMA_3P";"FEMALE SMA CONNECTOR";"";"";"";"";"";"";
"X101.2";"BU-SMA-GSPECIAL";"BU-SMA-GSPECIAL";"BU_SMA_3P";"FEMALE SMA CONNECTOR";"";"";"";"";"";"";
"X101.3";"BU-SMA-GSPECIAL";"BU-SMA-GSPECIAL";"BU_SMA_3P";"FEMALE SMA CONNECTOR";"";"";"";"";"";"";
"X101.4";"BU-SMA-GSPECIAL";"BU-SMA-GSPECIAL";"BU_SMA_3P";"FEMALE SMA CONNECTOR";"";"";"";"";"";"";
"X601";"";"MPT4";"4POL254";"PHOENIX CONNECTOR";"";"";"";"";"";"";
"X602";"";"MPT4";"4POL254";"PHOENIX CONNECTOR";"";"";"";"";"";"";
